{
  "input_file": "019M72177_N991-796129_20241213.json",
  "metrics": {
    "entity_type_error_rate": 0.24242424242424243,
    "assertion_error_rate": 0.24458874458874458,
    "temporality_error_rate": 0.20562770562770563,
    "subject_error_rate": 0.006493506493506494,
    "event_date_accuracy": 0.0,
    "attribute_completeness": 0.8971861471861472
  }
}