{
  "input_file": "104W15947_J727-290663_20241213.json",
  "metrics": {
    "entity_type_error_rate": 0.06274509803921569,
    "assertion_error_rate": 0.1411764705882353,
    "temporality_error_rate": 0.12156862745098039,
    "subject_error_rate": 0.03627450980392157,
    "event_date_accuracy": 0.0,
    "attribute_completeness": 0.9196078431372549
  }
}