{
  "input_file": "336W08434_J721-109845_20241127.json",
  "metrics": {
    "entity_type_error_rate": 0.08260869565217391,
    "assertion_error_rate": 0.11739130434782609,
    "temporality_error_rate": 0.02608695652173913,
    "subject_error_rate": 0.0,
    "event_date_accuracy": 0.0,
    "attribute_completeness": 0.9608695652173913
  }
}