{
  "input_file": "363M98433_J619-215908_20241128.json",
  "metrics": {
    "entity_type_error_rate": 0.17446043165467626,
    "assertion_error_rate": 0.06294964028776978,
    "temporality_error_rate": 0.12050359712230216,
    "subject_error_rate": 0.01618705035971223,
    "event_date_accuracy": 0.0,
    "attribute_completeness": 0.9388489208633094
  }
}