{
  "input_file": "400W00699_J619-210780_20241212.json",
  "metrics": {
    "entity_type_error_rate": 0.17272727272727273,
    "assertion_error_rate": 0.23787878787878788,
    "temporality_error_rate": 0.23636363636363636,
    "subject_error_rate": 0.010606060606060607,
    "event_date_accuracy": 0.0,
    "attribute_completeness": 0.884090909090909
  }
}