{
  "input_file": "437M97350_J721-176825_20241211.json",
  "metrics": {
    "entity_type_error_rate": 0.053268765133171914,
    "assertion_error_rate": 0.2566585956416465,
    "temporality_error_rate": 0.09685230024213075,
    "subject_error_rate": 0.004842615012106538,
    "event_date_accuracy": 1.0,
    "attribute_completeness": 0.9043583535108959
  }
}