{
  "input_file": "786W17536_J730-120682_20241219.json",
  "metrics": {
    "entity_type_error_rate": 0.03443526170798898,
    "assertion_error_rate": 0.15702479338842976,
    "temporality_error_rate": 0.12947658402203857,
    "subject_error_rate": 0.02203856749311295,
    "event_date_accuracy": 0.0,
    "attribute_completeness": 0.8925619834710744
  }
}